Workbook

Sheet 物料清单
A1: 成品件号 | B1: K3代码 | C1: 父项产品编号 | D1: 父项产品名称 | E1: 父项产品规格 | F1: 父项单位 | G1: 子项产品编号 | H1: 子项产品名称 | I1: 子项产品规格 | J1: 子项单位 | K1: 单位用量 | L1: 备注
A2: ALZWJ43029 | B2: =VLOOKUP(A2,[2]Sheet1!$B:$C,2,FALSE) -> 03.GS401-K5A200Z | C2: ALZWJ43029-包装 | D2: ALZWJ43029-包装 | F2: 件 | G2: ALZWJ43029-前段 | H2: ALZWJ43029-前段 | J2: 件 | K2: 1
A3: ALZWJ43029 | B3: =VLOOKUP(A3,[2]Sheet1!$B:$C,2,FALSE) -> 03.GS401-K5A200Z | C3: ALZWJ43029-前段 | D3: ALZWJ43029-前段 | F3: 件 | G3: 01.GS099-000821Z | H3: 099-0821铝管直管 | I3: Φ16*1.2*220 3003-O | J3: 根 | K3: 1
A4: ALZWJ43028 | B4: =VLOOKUP(A4,[2]Sheet1!$B:$C,2,FALSE) -> 03.GS401-K5A100Z | C4: ALZWJ43028-包装 | D4: ALZWJ43028-包装 | F4: 件 | G4: ALZWJ43028-前段 | H4: ALZWJ43028-前段 | J4: 件 | K4: 1
A5: ALZWJ43028 | B5: =VLOOKUP(A5,[2]Sheet1!$B:$C,2,FALSE) -> 03.GS401-K5A100Z | C5: ALZWJ43028-前段 | D5: ALZWJ43028-前段 | F5: 件 | G5: 01.GS099-000820Z | H5: 099-0820铝管直管 | I5: Φ12*1.2*270 3003-O | J5: 根 | K5: 1
A6: 21410 2HH1C-10 | B6: =VLOOKUP(A6,[2]Sheet1!$B:$C,2,FALSE) -> #N/A | C6: 21410 2HH1C-10-包装 | D6: 21410 2HH1C-10-包装 | F6: 件 | G6: 21410 2HH1C-10-前段 | H6: 21410 2HH1C-10-前段 | J6: 件 | K6: 1
A7: Chiler-100-01-02(SY) | B7: =VLOOKUP(A7,[2]Sheet1!$B:$C,2,FALSE) -> #N/A | C7: Chiler-100-01-02(SY)-包装 | D7: Chiler-100-01-02(SY)-包装 | F7: 件 | G7: Chiler-100-01-02(SY)-前段 | H7: Chiler-100-01-02(SY)-前段 | J7: 件 | K7: 1
A8: Chiller-100-01-02 | B8: =VLOOKUP(A8,[2]Sheet1!$B:$C,2,FALSE) -> 03.GS100-H1A800Z | C8: Chiller-100-01-02-包装 | D8: Chiller-100-01-02-包装 | F8: 件 | G8: Chiller-100-01-02-前段 | H8: Chiller-100-01-02-前段 | J8: 件 | K8: 1
A9: TOC-001-01-01 | B9: =VLOOKUP(A9,[2]Sheet1!$B:$C,2,FALSE) -> 03.GS401-A0A100Z | C9: TOC-001-01-01-包装 | D9: TOC-001-01-01-包装 | F9: 件 | G9: TOC-001-01-01-前段 | H9: TOC-001-01-01-前段 | J9: 件 | K9: 1
A10: BYD01J-105 | B10: =VLOOKUP(A10,[2]Sheet1!$B:$C,2,FALSE) -> 03.GS501-20A700Z | C10: BYD01J-105-包装 | D10: BYD01J-105-包装 | F10: 件 | G10: BYD01J-105-前段 | H10: BYD01J-105-前段 | J10: 件 | K10: 1
A11: BYD01J-104 | B11: =VLOOKUP(A11,[2]Sheet1!$B:$C,2,FALSE) -> 03.GS501-20A600Z | C11: BYD01J-104-包装 | D11: BYD01J-104-包装 | F11: 件 | G11: BYD01J-104-前段 | H11: BYD01J-104-前段 | J11: 件 | K11: 1
A12: 302006462AA-01-06 | B12: =VLOOKUP(A12,[2]Sheet1!$B:$C,2,FALSE) -> 03.GS100-J7A900Z | C12: 302006462AA-01-06-包装 | D12: 302006462AA-01-06-包装 | F12: 件 | G12: 302006462AA-01-06-前段 | H12: 302006462AA-01-06-前段 | J12: 件 | K12: 1
A13: 301006940AA-15 | B13: =VLOOKUP(A13,[2]Sheet1!$B:$C,2,FALSE) -> 03.GS401-L1A200Z | C13: 301006940AA-15-包装 | D13: 301006940AA-15-包装 | F13: 件 | G13: 301006940AA-15-前段 | H13: 301006940AA-15-前段 | J13: 件 | K13: 1
A14: 301006940AA-14 | B14: =VLOOKUP(A14,[2]Sheet1!$B:$C,2,FALSE) -> 03.GS401-L1A100Z | C14: 301006940AA-14-包装 | D14: 301006940AA-14-包装 | F14: 件 | G14: 301006940AA-14-前段 | H14: 301006940AA-14-前段 | J14: 件 | K14: 1
A15: 301003741AA-14 | B15: =VLOOKUP(A15,[2]Sheet1!$B:$C,2,FALSE) -> 03.GS100-I7A600Z | C15: 301003741AA-14-包装 | D15: 301003741AA-14-包装 | F15: 件 | G15: 301003741AA-14-前段 | H15: 301003741AA-14-前段 | J15: 件 | K15: 1
A16: 301004561AA-01-13 | B16: =VLOOKUP(A16,[2]Sheet1!$B:$C,2,FALSE) -> 03.GS100-H1A400Z | C16: 301004561AA-01-13-包装 | D16: 301004561AA-01-13-包装 | F16: 件 | G16: 301004561AA-01-13-前段 | H16: 301004561AA-01-13-前段 | J16: 件 | K16: 1
A17: 21606 2HH0B-05 | B17: =VLOOKUP(A17,[2]Sheet1!$B:$C,2,FALSE) -> 03.GS401-J7A200Z | C17: 21606 2HH0B-05-包装 | D17: 21606 2HH0B-05-包装 | F17: 件 | G17: 21606 2HH0B-05-前段 | H17: 21606 2HH0B-05-前段 | J17: 件 | K17: 1
... A28: 78E03A205 | B28: =VLOOKUP(A28,[2]Sheet1!$B:$C,2,FALSE) -> 03.GS700-A5A300Z | C28: 78E03A205-KD | D28: 78E03A205-KD | F28: 根 | G28: 78E03A205-前段 | H28: 78E03A205-AC高低压管总成-装配前段 | J28: 件 | K28: 1
A29: =VLOOKUP(C29,[1]工艺路线!$A:$E,5,FALSE) -> 78E03A201-KD | B29: =VLOOKUP(A29,[2]Sheet1!$B:$C,2,FALSE) -> 03.GS700-A5A500Z | C29: 78E03A201-KD | D29: 78E03A201-KD | F29: 根 | G29: 78E03A205-组件4-后段 | H29: 78E03A205-组件4-后段 | J29: 件 | K29: 1
A30: =VLOOKUP(C30,[1]工艺路线!$A:$E,5,FALSE) -> 78E03A201-KD | B30: =VLOOKUP(A30,[2]Sheet1!$B:$C,2,FALSE) -> 03.GS700-A5A500Z | C30: 78E03A201-KD | D30: 78E03A201-KD | F30: 根 | G30: 78E03A205-组件3-后段 | H30: 78E03A205-组件3-后段 | J30: 件 | K30: 1
A31: =VLOOKUP(C31,[1]工艺路线!$A:$E,5,FALSE) -> 78E03A201-KD | B31: =VLOOKUP(A31,[2]Sheet1!$B:$C,2,FALSE) -> 03.GS700-A5A500Z | C31: 78E03A201-KD | D31: 78E03A201-KD | F31: 根 | G31: 78E03A205-组件1-后段 | H31: 78E03A205-组件1-后段 | J31: 件 | K31: 1
A32: =VLOOKUP(C32,[1]工艺路线!$A:$E,5,FALSE) -> 78E03A201-KD | B32: =VLOOKUP(A32,[2]Sheet1!$B:$C,2,FALSE) -> 03.GS700-A5A500Z | C32: 78E03A201-KD | D32: 78E03A201-KD | F32: 根 | G32: 78E03A201-组件2-后段 | H32: 78E03A201-组件2-后段 | J32: 件 | K32: 1
A33: 301004574AA | B33: =VLOOKUP(A33,[2]Sheet1!$B:$C,2,FALSE) -> 03.GS700-A5A400Z | C33: 301004574AA | D33: 301004574AA装配后段 | F33: 件 | G33: 301004574AA装配前段 | H33: 301004574AA装配前段 | J33: 件 | K33: 1
A34: 301004574AA | B34: =VLOOKUP(A34,[2]Sheet1!$B:$C,2,FALSE) -> 03.GS700-A5A400Z | C34: 301004574AA装配前段 | D34: 301004574AA装配前段 | F34: 件 | G34: 78E03A205-组件4-后段 | H34: 78E03A205-组件4-后段 | J34: 件 | K34: 1
A35: 301004574AA | B35: =VLOOKUP(A35,[2]Sheet1!$B:$C,2,FALSE) -> 03.GS700-A5A400Z | C35: 301004574AA装配前段 | D35: 301004574AA装配前段 | F35: 件 | G35: 78E03A205-组件3-后段 | H35: 78E03A205-组件3-后段 | J35: 件 | K35: 1
A36: 301004574AA | B36: =VLOOKUP(A36,[2]Sheet1!$B:$C,2,FALSE) -> 03.GS700-A5A400Z | C36: 301004574AA装配前段 | D36: 301004574AA装配前段 | F36: 件 | G36: 78E03A205-组件1-后段 | H36: 78E03A205-组件1-后段 | J36: 件 | K36: 1
A37: 301004574AA | B37: =VLOOKUP(A37,[2]Sheet1!$B:$C,2,FALSE) -> 03.GS700-A5A400Z | C37: 301004574AA装配前段 | D37: 301004574AA装配前段 | F37: 件 | G37: 78E03A201-组件2-后段 | H37: 78E03A201-组件2-后段 | J37: 件 | K37: 1
A38: =VLOOKUP(C38,[1]工艺路线!$A:$E,5,FALSE) -> 301004142AA | B38: =VLOOKUP(A38,[2]Sheet1!$B:$C,2,FALSE) -> 03.GS700-E0A200Z | C38: 301004142AA | D38: 301004142AA-装配 | F38: 件 | G38: 301004142AA-组合件总成2 | H38: 301004142AA-组合件总成2 | J38: 件 | K38: 1
A39: =VLOOKUP(C39,[1]工艺路线!$A:$E,5,FALSE) -> 301004142AA | B39: =VLOOKUP(A39,[2]Sheet1!$B:$C,2,FALSE) -> 03.GS700-E0A200Z | C39: 301004142AA | D39: 301004142AA-装配 | F39: 件 | G39: 301004142AA-组合件总成1 | H39: 301004142AA-组合件总成1 | J39: 件 | K39: 1
A40: =VLOOKUP(C40,[1]工艺路线!$A:$E,5,FALSE) -> 301004142AA | B40: =VLOOKUP(A40,[2]Sheet1!$B:$C,2,FALSE) -> 03.GS700-E0A200Z | C40: 301004142AA | D40: 301004142AA-装配 | F40: 件 | G40: 01.GS016-000275Z | H40: 016-0275管夹3 | J40: 个 | K40: 1
A41: =VLOOKUP(C41,[1]工艺路线!$A:$E,5,FALSE) -> 301004142AA | B41: =VLOOKUP(A41,[2]Sheet1!$B:$C,2,FALSE) -> 03.GS700-E0A200Z | C41: 301004142AA | D41: 301004142AA-装配 | F41: 件 | G41: 01.GS016-000274Z | H41: 016-0274管夹2 | J41: 个 | K41: 1
A42: =VLOOKUP(C42,[1]工艺路线!$A:$E,5,FALSE) -> 301004142AA | B42: =VLOOKUP(A42,[2]Sheet1!$B:$C,2,FALSE) -> 03.GS700-E0A200Z | C42: 301004142AA | D42: 301004142AA-装配 | F42: 件 | G42: 01.GS016-000237Z | H42: 016-0237管夹 | I42: SPCC（电渡+电泳）无螺母 | J42: 个 | K42: 1
A43: =VLOOKUP(C43,[1]工艺路线!$A:$E,5,FALSE) -> 301004142AA | B43: =VLOOKUP(A43,[2]Sheet1!$B:$C,2,FALSE) -> 03.GS700-E0A200Z | C43: 301004142AA | D43: 301004142AA-装配 | F43: 件 | G43: 01.GS016-000216Z | H43: 016-0216管夹 | I43: SPCC（电渡+电泳） 有螺母 | J43: 个 | K43: 1
A44: =VLOOKUP(C44,[1]工艺路线!$A:$E,5,FALSE) -> 301004142AA | B44: =VLOOKUP(A44,[2]Sheet1!$B:$C,2,FALSE) -> 03.GS700-E0A200Z | C44: 301004142AA | D44: 301004142AA-装配 | F44: 件 | G44: 01.GS015-000025Z | H44: 015-0025橡胶垫 | I44: EPDM | J44: 个 | K44: 2
A45: =VLOOKUP(C45,[1]工艺路线!$A:$E,5,FALSE) -> 301004142AA | B45: =VLOOKUP(A45,[2]Sheet1!$B:$C,2,FALSE) -> 03.GS700-E0A200Z | C45: 301004142AA | D45: 301004142AA-装配 | F45: 件 | G45: 01.GS015-000022Z | H45: 015-0022橡胶衬套 | I45: φ10*25 EDPM | J45: 个 | K45: 3
A46: =VLOOKUP(C46,[1]工艺路线!$A:$E,5,FALSE) -> 301004142AA | B46: =VLOOKUP(A46,[2]Sheet1!$B:$C,2,FALSE) -> 03.GS700-E0A200Z | C46: 301004142AA | D46: 301004142AA-装配 | F46: 件 | G46: 01.GS015-000021Z | H46: 015-0021橡胶衬套 | I46: φ19*25A EPDM | J46: 个 | K46: 3
A47: =VLOOKUP(C47,[1]工艺路线!$A:$E,5,FALSE) -> 301004142AA | B47: =VLOOKUP(A47,[2]Sheet1!$B:$C,2,FALSE) -> 03.GS700-E0A200Z | C47: 301004142AA | D47: 301004142AA-装配 | F47: 件 | G47: 01.GS013-000005Z | H47: 013-0005衬套 | I47: SPCC | J47: 个 | K47: 2
A48: =VLOOKUP(C48,[1]工艺路线!$A:$E,5,FALSE) -> 301004142AA | B48: =VLOOKUP(A48,[2]Sheet1!$B:$C,2,FALSE) -> 03.GS700-E0A200Z | C48: 301004142AA | D48: 301004142AA-装配 | F48: 件 | G48: 01.GS010-000081Z | H48: 010-0081堵帽 | I48: >PVC< Φ9 | J48: 个 | K48: 1
A49: =VLOOKUP(C49,[1]工艺路线!$A:$E,5,FALSE) -> 301004142AA | B49: =VLOOKUP(A49,[2]Sheet1!$B:$C,2,FALSE) -> 03.GS700-E0A200Z | C49: 301004142AA | D49: 301004142AA-装配 | F49: 件 | G49: 01.GS010-000080Z | H49: 010-0080堵帽 | I49: >PVC< Φ18.2 | J49: 个 | K49: 1
A50: =VLOOKUP(C50,[1]工艺路线!$A:$E,5,FALSE) -> 301004142AA | B50: =VLOOKUP(A50,[2]Sheet1!$B:$C,2,FALSE) -> 03.GS700-E0A200Z | C50: 301004142AA | D50: 301004142AA-装配 | F50: 件 | G50: 01.GS010-000078Z | H50: 010-0078堵帽 | J50: 个 | K50: 1
A51: =VLOOKUP(C51,[1]工艺路线!$A:$E,5,FALSE) -> 301004142AA | B51: =VLOOKUP(A51,[2]Sheet1!$B:$C,2,FALSE) -> 03.GS700-E0A200Z | C51: 301004142AA | D51: 301004142AA-装配 | F51: 件 | G51: 01.GS010-000063Z | H51: 010-0063堵帽 | I51: >PVC< | J51: 个 | K51: 1
A52: =VLOOKUP(C52,[1]工艺路线!$A:$E,5,FALSE) -> 301004142AA | B52: =VLOOKUP(A52,[2]Sheet1!$B:$C,2,FALSE) -> 03.GS700-E0A200Z | C52: 301004142AA | D52: 301004142AA-装配 | F52: 件 | G52: 01.GS010-000013Z | H52: 010-0013双槽管口堵帽 | I52: >PVC< | J52: 件 | K52: 2
A53: =VLOOKUP(C53,[1]工艺路线!$A:$E,5,FALSE) -> 301004142AA | B53: =VLOOKUP(A53,[2]Sheet1!$B:$C,2,FALSE) -> 03.GS700-E0A200Z | C53: 301004142AA | D53: 301004142AA-装配 | F53: 件 | G53: 01.GS010-000002Z | H53: 010-0002高压充注阀堵帽（蓝） | I53: PA66 | J53: 件 | K53: 1
A54: =VLOOKUP(C54,[1]工艺路线!$A:$E,5,FALSE) -> 301004142AA | B54: =VLOOKUP(A54,[2]Sheet1!$B:$C,2,FALSE) -> 03.GS700-E0A200Z | C54: 301004142AA | D54: 301004142AA-装配 | F54: 件 | G54: 01.GS010-000001Z | H54: 010-0001低压充注阀堵帽（蓝） | I54: PA66 | J54: 件 | K54: 1
A55: =VLOOKUP(C55,[1]工艺路线!$A:$E,5,FALSE) -> 301004142AA | B55: =VLOOKUP(A55,[2]Sheet1!$B:$C,2,FALSE) -> 03.GS700-E0A200Z | C55: 301004142AA | D55: 301004142AA-装配 | F55: 件 | G55: 01.GS009-000011Z | H55: 009-0011十字盘头带齿螺钉-防滑 | I55: M6*20 达克罗 | J55: 个 | K55: 2
A56: =VLOOKUP(C56,[1]工艺路线!$A:$E,5,FALSE) -> 301004142AA | B56: =VLOOKUP(A56,[2]Sheet1!$B:$C,2,FALSE) -> 03.GS700-E0A200Z | C56: 301004142AA | D56: 301004142AA-装配 | F56: 件 | G56: 01.GS009-000008Z | H56: 009-0008十字盘头带齿螺钉-防滑 | I56: M5*10 达克罗 | J56: 个 | K56: 4
A57: =VLOOKUP(C57,[1]工艺路线!$A:$E,5,FALSE) -> 301004142AA | B57: =VLOOKUP(A57,[2]Sheet1!$B:$C,2,FALSE) -> 03.GS700-E0A200Z | C57: 301004142AA | D57: 301004142AA-装配 | F57: 件 | G57: 01.GS009-000007Z | H57: 009-0007十字盘头带齿螺钉-防滑 | I57: M6*12 达克罗 | J57: 个 | K57: 2
A58: =VLOOKUP(C58,[1]工艺路线!$A:$E,5,FALSE) -> 301004142AA | B58: =VLOOKUP(A58,[2]Sheet1!$B:$C,2,FALSE) -> 03.GS700-E0A200Z | C58: 301004142AA | D58: 301004142AA-装配 | F58: 件 | G58: 01.GS008-000072Z | H58: 008-00726mm常开电磁阀 | I58: S0VN0-06M005/ NES0V0106005 | J58: 个 | K58: 1
A59: =VLOOKUP(C59,[1]工艺路线!$A:$E,5,FALSE) -> 301004142AA | B59: =VLOOKUP(A59,[2]Sheet1!$B:$C,2,FALSE) -> 03.GS700-E0A200Z | C59: 301004142AA-组合件总成2 | D59: 301004142AA-组合件总成2 | F59: 件 | G59: 301004142AA-焊接组件2-后段 | H59: 301004142AA-焊接组件2-后段 | J59: 件 | K59: 1
A60: =VLOOKUP(C60,[1]工艺路线!$A:$E,5,FALSE) -> 301004142AA | B60: =VLOOKUP(A60,[2]Sheet1!$B:$C,2,FALSE) -> 03.GS700-E0A200Z | C60: 301004142AA-组合件总成2 | D60: 301004142AA-组合件总成2 | F60: 件 | G60: 301004142AA-铝管8-后段 | H60: 301004142AA-铝管8-后段 | J60: 件 | K60: 1
A61: =VLOOKUP(C61,[1]工艺路线!$A:$E,5,FALSE) -> 301004142AA | B61: =VLOOKUP(A61,[2]Sheet1!$B:$C,2,FALSE) -> 03.GS700-E0A200Z | C61: 301004142AA-组合件总成2 | D61: 301004142AA-组合件总成2 | F61: 件 | G61: 301004142AA-铝管5-后段 | H61: 301004142AA-铝管5-后段 | J61: 件 | K61: 1
A62: =VLOOKUP(C62,[1]工艺路线!$A:$E,5,FALSE) -> 301004142AA | B62: =VLOOKUP(A62,[2]Sheet1!$B:$C,2,FALSE) -> 03.GS700-E0A200Z | C62: 301004142AA-组合件总成2 | D62: 301004142AA-组合件总成2 | F62: 件 | G62: 01.GS096-000029Z | H62: 铝箔管-0029Z | I62: Φ24*310 | J62: 件 | K62: 1
A63: =VLOOKUP(C63,[1]工艺路线!$A:$E,5,FALSE) -> 301004142AA | B63: =VLOOKUP(A63,[2]Sheet1!$B:$C,2,FALSE) -> 03.GS700-E0A200Z | C63: 301004142AA-组合件总成2 | D63: 301004142AA-组合件总成2 | F63: 件 | G63: 01.GS096-000021Z | H63: 海棉隔热铝箔管-0021Z | I63: Φ3.5*135*213 | J63: 根 | K63: 1
A64: =VLOOKUP(C64,[1]工艺路线!$A:$E,5,FALSE) -> 301004142AA | B64: =VLOOKUP(A64,[2]Sheet1!$B:$C,2,FALSE) -> 03.GS700-E0A200Z | C64: 301004142AA-组合件总成2 | D64: 301004142AA-组合件总成2 | F64: 件 | G64: 01.GS093-000007Z | H64: 日轮胶管(15DE3)-0007Z | J64: 米 | K64: 0.382
A65: =VLOOKUP(C65,[1]工艺路线!$A:$E,5,FALSE) -> 301004142AA | B65: =VLOOKUP(A65,[2]Sheet1!$B:$C,2,FALSE) -> 03.GS700-E0A200Z | C65: 301004142AA-组合件总成2 | D65: 301004142AA-组合件总成2 | F65: 件 | G65: 01.GS093-000007Z | H65: 日轮胶管(15DE3)-0007Z | J65: 米 | K65: 0.382
A66: =VLOOKUP(C66,[1]工艺路线!$A:$E,5,FALSE) -> 301004142AA | B66: =VLOOKUP(A66,[2]Sheet1!$B:$C,2,FALSE) -> 03.GS700-E0A200Z | C66: 301004142AA-组合件总成2 | D66: 301004142AA-组合件总成2 | F66: 件 | G66: 01.GS006-000016Z | H66: 006-0016扣压套 | I66: Φ16 | J66: 个 | K66: 4
A67: =VLOOKUP(C67,[1]工艺路线!$A:$E,5,FALSE) -> 301004142AA | B67: =VLOOKUP(A67,[2]Sheet1!$B:$C,2,FALSE) -> 03.GS700-E0A200Z | C67: 301004142AA-焊接组件2-后段 | D67: 301004142AA-焊接组件2-后段 | F67: 件 | G67: 301004142AA-焊接组件2 | H67: 301004142AA-焊接组件2 | J67: 件 | K67: 1
A68: =VLOOKUP(C68,[1]工艺路线!$A:$E,5,FALSE) -> 301004142AA | B68: =VLOOKUP(A68,[2]Sheet1!$B:$C,2,FALSE) -> 03.GS700-E0A200Z | C68: 301004142AA-焊接组件2-后段 | D68: 301004142AA-焊接组件2-后段 | F68: 件 | G68: 01.GS000-000004Z | H68: 000-0004O型密封圈 | I68: Φ13.8*2.4 HNBR | J68: 件 | K68: 2
A69: =VLOOKUP(C69,[1]工艺路线!$A:$E,5,FALSE) -> 301004142AA | B69: =VLOOKUP(A69,[2]Sheet1!$B:$C,2,FALSE) -> 03.GS700-E0A200Z | C69: 301004142AA-焊接组件2-后段 | D69: 301004142AA-焊接组件2-后段 | F69: 件 | G69: 01.GS000-000001Z | H69: 000-0001O型密封圈 | I69: Φ6.8*1.9 HNBR | J69: 件 | K69: 4
A70: =VLOOKUP(C70,[1]工艺路线!$A:$E,5,FALSE) -> 301004142AA | B70: =VLOOKUP(A70,[2]Sheet1!$B:$C,2,FALSE) -> 03.GS700-E0A200Z | C70: 301004142AA-焊接组件2 | D70: 301004142AA-焊接组件2 | F70: 件 | G70: 301004142AA-铝管9-焊接 | H70: 301004142AA-铝管9-焊接 | J70: 件 | K70: 1
A71: =VLOOKUP(C71,[1]工艺路线!$A:$E,5,FALSE) -> 301004142AA | B71: =VLOOKUP(A71,[2]Sheet1!$B:$C,2,FALSE) -> 03.GS700-E0A200Z | C71: 301004142AA-焊接组件2 | D71: 301004142AA-焊接组件2 | F71: 件 | G71: 301004142AA-铝管7-焊接 | H71: 301004142AA-铝管7-焊接 | J71: 件 | K71: 1
A72: =VLOOKUP(C72,[1]工艺路线!$A:$E,5,FALSE) -> 301004142AA | B72: =VLOOKUP(A72,[2]Sheet1!$B:$C,2,FALSE) -> 03.GS700-E0A200Z | C72: 301004142AA-焊接组件2 | D72: 301004142AA-焊接组件2 | F72: 件 | G72: 301004142AA-铝管6-前段 | H72: 301004142AA-铝管6-前段 | J72: 件 | K72: 1
A73: =VLOOKUP(C73,[1]工艺路线!$A:$E,5,FALSE) -> 301004142AA | B73: =VLOOKUP(A73,[2]Sheet1!$B:$C,2,FALSE) -> 03.GS700-E0A200Z | C73: 301004142AA-焊接组件2 | D73: 301004142AA-焊接组件2 | F73: 件 | G73: 01.GS704-00H049Z | H73: 704-H049双头压板 | I73: 6001-T6 | J73: 个 | K73: 1
A74: =VLOOKUP(C74,[1]工艺路线!$A:$E,5,FALSE) -> 301004142AA | B74: =VLOOKUP(A74,[2]Sheet1!$B:$C,2,FALSE) -> 03.GS700-E0A200Z | C74: 301004142AA-铝管9-焊接 | D74: 301004142AA-铝管9-焊接 | F74: 件 | G74: 301004142AA-铝管9-前段 | H74: 301004142AA-铝管9-前段 | J74: 件 | K74: 1
A75: =VLOOKUP(C75,[1]工艺路线!$A:$E,5,FALSE) -> 301004142AA | B75: =VLOOKUP(A75,[2]Sheet1!$B:$C,2,FALSE) -> 03.GS700-E0A200Z | C75: 301004142AA-铝管9-焊接 | D75: 301004142AA-铝管9-焊接 | F75: 件 | G75: 01.GS204-00H303Z | H75: 204-H303压板 | I75: 6061-T6 | J75: 个 | K75: 1
A76: =VLOOKUP(C76,[1]工艺路线!$A:$E,5,FALSE) -> 301004142AA | B76: =VLOOKUP(A76,[2]Sheet1!$B:$C,2,FALSE) -> 03.GS700-E0A200Z | C76: 301004142AA-铝管9-前段 | D76: 301004142AA-铝管9-前段 | F76: 件 | G76: 01.GS099-000764Z | H76: 099-0764铝管直管 | I76: Φ10*1.25*184 6063-T4/3 | J76: 根 | K76: 1
A77: =VLOOKUP(C77,[1]工艺路线!$A:$E,5,FALSE) -> 301004142AA | B77: =VLOOKUP(A77,[2]Sheet1!$B:$C,2,FALSE) -> 03.GS700-E0A200Z | C77: 301004142AA-铝管8-后段 | D77: 301004142AA-铝管8-后段 | F77: 件 | G77: 301004142AA-铝管8-焊接 | H77: 301004142AA-铝管8-焊接 | J77: 件 | K77: 1
A78: =VLOOKUP(C78,[1]工艺路线!$A:$E,5,FALSE) -> 301004142AA | B78: =VLOOKUP(A78,[2]Sheet1!$B:$C,2,FALSE) -> 03.GS700-E0A200Z | C78: 301004142AA-铝管8-后段 | D78: 301004142AA-铝管8-后段 | F78: 件 | G78: 01.GS000-000051Z | H78: 000-0051O型圈 | I78: Φ17.2*1.8 | J78: 件 | K78: 2
A79: =VLOOKUP(C79,[1]工艺路线!$A:$E,5,FALSE) -> 301004142AA | B79: =VLOOKUP(A79,[2]Sheet1!$B:$C,2,FALSE) -> 03.GS700-E0A200Z | C79: 301004142AA-铝管8-焊接 | D79: 301004142AA-铝管8-焊接 | F79: 件 | G79: 301004142AA-铝管8-前段 | H79: 301004142AA-铝管8-前段 | J79: 件 | K79: 1
A80: =VLOOKUP(C80,[1]工艺路线!$A:$E,5,FALSE) -> 301004142AA | B80: =VLOOKUP(A80,[2]Sheet1!$B:$C,2,FALSE) -> 03.GS700-E0A200Z | C80: 301004142AA-铝管8-焊接 | D80: 301004142AA-铝管8-焊接 | F80: 件 | G80: 01.GS204-00H228Z | H80: 204-H228压板 | I80: 6061-T6 | J80: 个 | K80: 1
A81: =VLOOKUP(C81,[1]工艺路线!$A:$E,5,FALSE) -> 301004142AA | B81: =VLOOKUP(A81,[2]Sheet1!$B:$C,2,FALSE) -> 03.GS700-E0A200Z | C81: 301004142AA-铝管8-前段 | D81: 301004142AA-铝管8-前段 | F81: 件 | G81: 01.GS099-000147Z | H81: 铝管直管-0147Z | I81: φ19*1.8*206 | J81: 根 | K81: 1
A82: =VLOOKUP(C82,[1]工艺路线!$A:$E,5,FALSE) -> 301004142AA | B82: =VLOOKUP(A82,[2]Sheet1!$B:$C,2,FALSE) -> 03.GS700-E0A200Z | C82: 301004142AA-铝管7-焊接 | D82: 301004142AA-铝管7-焊接 | F82: 件 | G82: 301004142AA-铝管7-前段 | H82: 301004142AA-铝管7-前段 | J82: 件 | K82: 1
A83: =VLOOKUP(C83,[1]工艺路线!$A:$E,5,FALSE) -> 301004142AA | B83: =VLOOKUP(A83,[2]Sheet1!$B:$C,2,FALSE) -> 03.GS700-E0A200Z | C83: 301004142AA-铝管7-焊接 | D83: 301004142AA-铝管7-焊接 | F83: 件 | G83: 01.GS204-00H304Z | H83: 204-H304压板 | I83: 6061-T6 | J83: 个 | K83: 1
A84: =VLOOKUP(C84,[1]工艺路线!$A:$E,5,FALSE) -> 301004142AA | B84: =VLOOKUP(A84,[2]Sheet1!$B:$C,2,FALSE) -> 03.GS700-E0A200Z | C84: 301004142AA-铝管7-前段 | D84: 301004142AA-铝管7-前段 | F84: 件 | G84: 01.GS099-000763Z | H84: 099-0763铝管直管 | I84: Φ16*1.5*40 3003-Y4 | J84: 根 | K84: 1
A85: =VLOOKUP(C85,[1]工艺路线!$A:$E,5,FALSE) -> 301004142AA | B85: =VLOOKUP(A85,[2]Sheet1!$B:$C,2,FALSE) -> 03.GS700-E0A200Z | C85: 301004142AA-铝管6-前段 | D85: 301004142AA-铝管6-前段 | F85: 件 | G85: 01.GS099-000769Z | H85: 099-0769铝管直管 | I85: Φ19*1.8*128 3003-Y4 | J85: 根 | K85: 1
A86: =VLOOKUP(C86,[1]工艺路线!$A:$E,5,FALSE) -> 301004142AA | B86: =VLOOKUP(A86,[2]Sheet1!$B:$C,2,FALSE) -> 03.GS700-E0A200Z | C86: 301004142AA-铝管5-后段 | D86: 301004142AA-铝管5-后段 | F86: 件 | G86: 301004142AA-铝管5-焊接 | H86: 301004142AA-铝管5-焊接 | J86: 件 | K86: 1
A87: =VLOOKUP(C87,[1]工艺路线!$A:$E,5,FALSE) -> 301004142AA | B87: =VLOOKUP(A87,[2]Sheet1!$B:$C,2,FALSE) -> 03.GS700-E0A200Z | C87: 301004142AA-铝管5-后段 | D87: 301004142AA-铝管5-后段 | F87: 件 | G87: 01.GS098-000092Z | H87: 保温管-0092Z | I87: Φ19*3*87 | J87: 根 | K87: 1
A88: =VLOOKUP(C88,[1]工艺路线!$A:$E,5,FALSE) -> 301004142AA | B88: =VLOOKUP(A88,[2]Sheet1!$B:$C,2,FALSE) -> 03.GS700-E0A200Z | C88: 301004142AA-铝管5-后段 | D88: 301004142AA-铝管5-后段 | F88: 件 | G88: 01.GS098-000091Z | H88: 保温管-0091Z | I88: Φ19*3*265 | J88: 根 | K88: 1
A89: =VLOOKUP(C89,[1]工艺路线!$A:$E,5,FALSE) -> 301004142AA | B89: =VLOOKUP(A89,[2]Sheet1!$B:$C,2,FALSE) -> 03.GS700-E0A200Z | C89: 301004142AA-铝管5-后段 | D89: 301004142AA-铝管5-后段 | F89: 件 | G89: 01.GS098-000090Z | H89: 保温管-0090Z | I89: Φ19*3*40 | J89: 根 | K89: 1
A90: =VLOOKUP(C90,[1]工艺路线!$A:$E,5,FALSE) -> 301004142AA | B90: =VLOOKUP(A90,[2]Sheet1!$B:$C,2,FALSE) -> 03.GS700-E0A200Z | C90: 301004142AA-铝管5-后段 | D90: 301004142AA-铝管5-后段 | F90: 件 | G90: 01.GS098-000089Z | H90: 保温管-0089Z | I90: Φ19*3*368 | J90: 根 | K90: 1
A91: =VLOOKUP(C91,[1]工艺路线!$A:$E,5,FALSE) -> 301004142AA | B91: =VLOOKUP(A91,[2]Sheet1!$B:$C,2,FALSE) -> 03.GS700-E0A200Z | C91: 301004142AA-铝管5-后段 | D91: 301004142AA-铝管5-后段 | F91: 件 | G91: 01.GS098-000080Z | H91: 保温管-0080Z | I91: Φ19*3*97 | J91: 根 | K91: 1
A92: =VLOOKUP(C92,[1]工艺路线!$A:$E,5,FALSE) -> 301004142AA | B92: =VLOOKUP(A92,[2]Sheet1!$B:$C,2,FALSE) -> 03.GS700-E0A200Z | C92: 301004142AA-铝管5-后段 | D92: 301004142AA-铝管5-后段 | F92: 件 | G92: 01.GS007-000001Z | H92: 007-0001充注阀气门芯 | J92: 件 | K92: 1
A93: =VLOOKUP(C93,[1]工艺路线!$A:$E,5,FALSE) -> 301004142AA | B93: =VLOOKUP(A93,[2]Sheet1!$B:$C,2,FALSE) -> 03.GS700-E0A200Z | C93: 301004142AA-铝管5-焊接 | D93: 301004142AA-铝管5-焊接 | F93: 件 | G93: 301004142AA-铝管5-前段 | H93: 301004142AA-铝管5-前段 | J93: 件 | K93: 1
A94: =VLOOKUP(C94,[1]工艺路线!$A:$E,5,FALSE) -> 301004142AA | B94: =VLOOKUP(A94,[2]Sheet1!$B:$C,2,FALSE) -> 03.GS700-E0A200Z | C94: 301004142AA-铝管5-焊接 | D94: 301004142AA-铝管5-焊接 | F94: 件 | G94: 01.GS003-000026Z | H94: 003-0026低压充注阀 | J94: 个 | K94: 1
A95: =VLOOKUP(C95,[1]工艺路线!$A:$E,5,FALSE) -> 301004142AA | B95: =VLOOKUP(A95,[2]Sheet1!$B:$C,2,FALSE) -> 03.GS700-E0A200Z | C95: 301004142AA-铝管5-前段 | D95: 301004142AA-铝管5-前段 | F95: 件 | G95: 01.GS099-000770Z | H95: 099-0770铝管直管 | I95: Φ19*1.8*1049 3003-Y4 | J95: 根 | K95: 1
A96: =VLOOKUP(C96,[1]工艺路线!$A:$E,5,FALSE) -> 301004142AA | B96: =VLOOKUP(A96,[2]Sheet1!$B:$C,2,FALSE) -> 03.GS700-E0A200Z | C96: 301004142AA-组合件总成1 | D96: 301004142AA-组合件总成1 | F96: 件 | G96: 301004142AA-铝管3-后段 | H96: 301004142AA-铝管3-后段 | J96: 件 | K96: 1
A97: =VLOOKUP(C97,[1]工艺路线!$A:$E,5,FALSE) -> 301004142AA | B97: =VLOOKUP(A97,[2]Sheet1!$B:$C,2,FALSE) -> 03.GS700-E0A200Z | C97: 301004142AA-组合件总成1 | D97: 301004142AA-组合件总成1 | F97: 件 | G97: 301004142AA-焊接组件1-后段 | H97: 301004142AA-焊接组件1-后段 | J97: 件 | K97: 1
A98: =VLOOKUP(C98,[1]工艺路线!$A:$E,5,FALSE) -> 301004142AA | B98: =VLOOKUP(A98,[2]Sheet1!$B:$C,2,FALSE) -> 03.GS700-E0A200Z | C98: 301004142AA-组合件总成1 | D98: 301004142AA-组合件总成1 | F98: 件 | G98: 01.GS096-000032Z | H98: 铝箔管-0032Z | I98: Φ16*138 | J98: 根 | K98: 1
A99: =VLOOKUP(C99,[1]工艺路线!$A:$E,5,FALSE) -> 301004142AA | B99: =VLOOKUP(A99,[2]Sheet1!$B:$C,2,FALSE) -> 03.GS700-E0A200Z | C99: 301004142AA-组合件总成1 | D99: 301004142AA-组合件总成1 | F99: 件 | G99: 01.GS096-000019Z | H99: 海棉隔热铝箔管-0019Z | I99: Φ3.5*105*213 | J99: 根 | K99: 1
A100: =VLOOKUP(C100,[1]工艺路线!$A:$E,5,FALSE) -> 301004142AA | B100: =VLOOKUP(A100,[2]Sheet1!$B:$C,2,FALSE) -> 03.GS700-E0A200Z | C100: 301004142AA-组合件总成1 | D100: 301004142AA-组合件总成1 | F100: 件 | G100: 01.GS093-000005Z | H100: 日轮胶管(8DE3)-0005Z | J100: 米 | K100: 0.208
A101: =VLOOKUP(C101,[1]工艺路线!$A:$E,5,FALSE) -> 301004142AA | B101: =VLOOKUP(A101,[2]Sheet1!$B:$C,2,FALSE) -> 03.GS700-E0A200Z | C101: 301004142AA-组合件总成1 | D101: 301004142AA-组合件总成1 | F101: 件 | G101: 01.GS093-000005Z | H101: 日轮胶管(8DE3)-0005Z | J101: 米 | K101: 0.208
A102: =VLOOKUP(C102,[1]工艺路线!$A:$E,5,FALSE) -> 301004142AA | B102: =VLOOKUP(A102,[2]Sheet1!$B:$C,2,FALSE) -> 03.GS700-E0A200Z | C102: 301004142AA-组合件总成1 | D102: 301004142AA-组合件总成1 | F102: 件 | G102: 01.GS008-000045Z | H102: 008-0045压力传感器 | J102: 个 | K102: 1
A103: =VLOOKUP(C103,[1]工艺路线!$A:$E,5,FALSE) -> 301004142AA | B103: =VLOOKUP(A103,[2]Sheet1!$B:$C,2,FALSE) -> 03.GS700-E0A200Z | C103: 301004142AA-组合件总成1 | D103: 301004142AA-组合件总成1 | F103: 件 | G103: 01.GS006-000001Z | H103: 006-0001扣压套（Φ9） | I103: 3003 | J103: 件 | K103: 4
A104: =VLOOKUP(C104,[1]工艺路线!$A:$E,5,FALSE) -> 301004142AA | B104: =VLOOKUP(A104,[2]Sheet1!$B:$C,2,FALSE) -> 03.GS700-E0A200Z | C104: 301004142AA-组合件总成1 | D104: 301004142AA-组合件总成1 | F104: 件 | G104: F26-8108010HV-组件1-后段 | H104: F26-8108010HV-组件1-后段 | J104: 件 | K104: 1
A105: =VLOOKUP(C105,[1]工艺路线!$A:$E,5,FALSE) -> 301004142AA | B105: =VLOOKUP(A105,[2]Sheet1!$B:$C,2,FALSE) -> 03.GS700-E0A200Z | C105: 301004142AA-铝管3-后段 | D105: 301004142AA-铝管3-后段 | F105: 件 | G105: 301004142AA-铝管3-焊接 | H105: 301004142AA-铝管3-焊接 | J105: 件 | K105: 1
A106: =VLOOKUP(C106,[1]工艺路线!$A:$E,5,FALSE) -> 301004142AA | B106: =VLOOKUP(A106,[2]Sheet1!$B:$C,2,FALSE) -> 03.GS700-E0A200Z | C106: 301004142AA-铝管3-后段 | D106: 301004142AA-铝管3-后段 | F106: 件 | G106: 01.GS000-000001Z | H106: 000-0001O型密封圈 | I106: Φ6.8*1.9 HNBR | J106: 件 | K106: 2
A107: =VLOOKUP(C107,[1]工艺路线!$A:$E,5,FALSE) -> 301004142AA | B107: =VLOOKUP(A107,[2]Sheet1!$B:$C,2,FALSE) -> 03.GS700-E0A200Z | C107: 301004142AA-铝管3-焊接 | D107: 301004142AA-铝管3-焊接 | F107: 件 | G107: 301004142AA-铝管3-前段 | H107: 301004142AA-铝管3-前段 | J107: 件 | K107: 1
A108: =VLOOKUP(C108,[1]工艺路线!$A:$E,5,FALSE) -> 301004142AA | B108: =VLOOKUP(A108,[2]Sheet1!$B:$C,2,FALSE) -> 03.GS700-E0A200Z | C108: 301004142AA-铝管3-焊接 | D108: 301004142AA-铝管3-焊接 | F108: 件 | G108: 01.GS304-00H085Z | H108: 304-H085压板2 | I108: Y10H-14C-11182 6061-T6 | J108: 个 | K108: 1
A109: =VLOOKUP(C109,[1]工艺路线!$A:$E,5,FALSE) -> 301004142AA | B109: =VLOOKUP(A109,[2]Sheet1!$B:$C,2,FALSE) -> 03.GS700-E0A200Z | C109: 301004142AA-铝管3-前段 | D109: 301004142AA-铝管3-前段 | F109: 件 | G109: 01.GS099-000492Z | H109: 铝管直管-0492Z | I109: Φ10*1.25*150 6063-T4 | J109: 根 | K109: 0.5
A110: =VLOOKUP(C110,[1]工艺路线!$A:$E,5,FALSE) -> 301004142AA | B110: =VLOOKUP(A110,[2]Sheet1!$B:$C,2,FALSE) -> 03.GS700-E0A200Z | C110: 301004142AA-焊接组件1-后段 | D110: 301004142AA-焊接组件1-后段 | F110: 件 | G110: 301004142AA-焊接组件1 | H110: 301004142AA-焊接组件1 | J110: 件 | K110: 1
...
